contig_1_pilon_pilon	0	100000	29	2	1.851	50.168
contig_1_pilon_pilon	100000	200000	30	15	8.746	49.792
contig_1_pilon_pilon	200000	300000	33	10	0.776	51.802
contig_1_pilon_pilon	300000	400000	26	12	17.076	47.021
contig_1_pilon_pilon	400000	500000	19	9	12.777	47.641
contig_1_pilon_pilon	500000	600000	30	9	0.078	52.413
contig_1_pilon_pilon	600000	700000	28	2	0.122	51.988
contig_1_pilon_pilon	700000	800000	31	5	0.746	51.324
contig_1_pilon_pilon	800000	900000	1	0	69.323	26.897
contig_1_pilon_pilon	900000	1000000	34	3	1.758	51.562
contig_1_pilon_pilon	1000000	1100000	39	5	0.751	51.781
contig_1_pilon_pilon	1100000	1200000	37	2	0.056	52.206
contig_1_pilon_pilon	1200000	1300000	36	1	0.101	52.448
contig_1_pilon_pilon	1300000	1400000	32	2	0.035	52.107
contig_1_pilon_pilon	1400000	1500000	33	2	0.563	48.769
contig_1_pilon_pilon	1500000	1600000	18	1	3.798	48.288
contig_1_pilon_pilon	1600000	1700000	31	2	0.448	50.48
contig_1_pilon_pilon	1700000	1800000	29	2	0.129	51.584
contig_1_pilon_pilon	1800000	1900000	31	2	0.0	51.269
contig_1_pilon_pilon	1900000	2000000	39	8	0.883	51.965
contig_1_pilon_pilon	2000000	2100000	39	10	0.041	52.007
contig_1_pilon_pilon	2100000	2200000	39	4	0.267	55.328
contig_1_pilon_pilon	2200000	2300000	33	6	1.144	53.042
contig_1_pilon_pilon	2300000	2400000	31	7	0.0	53.102
contig_1_pilon_pilon	2400000	2500000	36	11	0.448	51.66
contig_1_pilon_pilon	2500000	2600000	31	2	0.0	51.612
contig_1_pilon_pilon	2600000	2700000	30	2	0.142	51.929
contig_1_pilon_pilon	2700000	2800000	27	1	0.074	52.085
contig_1_pilon_pilon	2800000	2900000	33	2	2.845	51.346
contig_1_pilon_pilon	2900000	3000000	32	3	0.041	51.126
contig_1_pilon_pilon	3000000	3100000	36	1	0.053	51.42
contig_1_pilon_pilon	3100000	3200000	30	0	0.123	51.384
contig_1_pilon_pilon	3200000	3300000	29	1	0.129	51.853
contig_1_pilon_pilon	3300000	3400000	39	7	0.043	53.459
contig_1_pilon_pilon	3400000	3500000	28	2	0.647	51.219
contig_1_pilon_pilon	3500000	3600000	29	3	0.206	51.666
contig_1_pilon_pilon	3600000	3700000	35	1	0.277	51.219
contig_1_pilon_pilon	3700000	3800000	32	1	0.099	51.619
contig_1_pilon_pilon	3800000	3900000	32	3	3.32	50.762
contig_1_pilon_pilon	3900000	4000000	29	1	0.386	51.319
contig_1_pilon_pilon	4000000	4100000	33	3	0.203	51.883
contig_1_pilon_pilon	4100000	4200000	26	0	0.77	52.03
contig_1_pilon_pilon	4200000	4300000	29	3	1.521	50.974
contig_1_pilon_pilon	4300000	4400000	33	4	0.166	51.36
contig_1_pilon_pilon	4400000	4500000	32	0	0.053	52.286
contig_1_pilon_pilon	4500000	4600000	28	0	0.043	51.168
contig_1_pilon_pilon	4600000	4700000	35	8	0.233	52.026
contig_1_pilon_pilon	4700000	4800000	29	13	16.551	47.964
contig_1_pilon_pilon	4800000	4900000	29	8	6.006	49.984
contig_1_pilon_pilon	4900000	5000000	25	10	13.913	47.11
contig_1_pilon_pilon	5000000	5100000	30	11	12.738	49.569
contig_1_pilon_pilon	5100000	5200000	29	12	7.865	50.142
contig_1_pilon_pilon	5200000	5300000	24	10	5.702	51.906
contig_1_pilon_pilon	5300000	5400000	24	3	10.598	48.733
contig_1_pilon_pilon	5400000	5500000	34	6	0.065	52.797
contig_1_pilon_pilon	5500000	5600000	43	18	0.269	52.436
contig_1_pilon_pilon	5600000	5686109	27	1	0.615	44.354
contig_2_pilon_pilon	0	100000	14	5	39.777	38.242
contig_2_pilon_pilon	100000	200000	20	3	19.953	47.614
contig_2_pilon_pilon	200000	300000	35	10	10.727	50.421
contig_2_pilon_pilon	300000	400000	11	1	18.302	32.576
contig_2_pilon_pilon	400000	500000	31	5	0.0	51.737
contig_2_pilon_pilon	500000	600000	33	0	0.0	53.416
contig_2_pilon_pilon	600000	700000	33	2	0.042	52.607
contig_2_pilon_pilon	700000	800000	34	1	0.0	52.126
contig_2_pilon_pilon	800000	900000	30	1	0.0	52.349
contig_2_pilon_pilon	900000	1000000	33	4	0.0	52.215
contig_2_pilon_pilon	1000000	1100000	39	4	0.541	51.881
contig_2_pilon_pilon	1100000	1200000	31	1	0.115	52.548
contig_2_pilon_pilon	1200000	1300000	36	3	0.284	51.682
contig_2_pilon_pilon	1300000	1400000	31	3	0.407	51.104
contig_2_pilon_pilon	1400000	1500000	29	2	0.039	51.856
contig_2_pilon_pilon	1500000	1600000	24	1	18.387	49.098
contig_2_pilon_pilon	1600000	1700000	9	0	15.468	45.995
contig_2_pilon_pilon	1700000	1800000	13	1	9.333	47.636
contig_2_pilon_pilon	1800000	1900000	14	0	5.446	47.878
contig_2_pilon_pilon	1900000	2000000	17	5	0.661	49.391
contig_2_pilon_pilon	2000000	2100000	30	2	0.14	52.693
contig_2_pilon_pilon	2100000	2200000	29	5	0.0	51.517
contig_2_pilon_pilon	2200000	2300000	29	2	0.0	51.674
contig_2_pilon_pilon	2300000	2400000	26	5	0.054	51.733
contig_2_pilon_pilon	2400000	2500000	29	2	0.0	51.466
contig_2_pilon_pilon	2500000	2600000	28	5	0.055	51.275
contig_2_pilon_pilon	2600000	2700000	12	0	14.909	37.696
contig_2_pilon_pilon	2700000	2800000	4	1	12.531	35.106
contig_2_pilon_pilon	2800000	2900000	28	2	1.596	51.07
contig_2_pilon_pilon	2900000	3000000	27	4	0.205	51.538
contig_2_pilon_pilon	3000000	3100000	25	4	0.078	51.671
contig_2_pilon_pilon	3100000	3200000	35	9	5.308	50.927
contig_2_pilon_pilon	3200000	3300000	30	5	0.14	51.577
contig_2_pilon_pilon	3300000	3400000	27	4	0.269	51.225
contig_2_pilon_pilon	3400000	3500000	37	5	0.0	51.755
contig_2_pilon_pilon	3500000	3600000	32	1	0.336	51.433
contig_2_pilon_pilon	3600000	3700000	41	5	0.825	53.826
contig_2_pilon_pilon	3700000	3800000	33	5	0.136	51.488
contig_2_pilon_pilon	3800000	3900000	29	1	0.0	52.048
contig_2_pilon_pilon	3900000	4000000	29	9	0.473	51.469
contig_2_pilon_pilon	4000000	4100000	31	6	0.93	52.681
contig_2_pilon_pilon	4100000	4200000	36	11	0.36	52.758
contig_2_pilon_pilon	4200000	4300000	26	5	16.45	51.453
contig_2_pilon_pilon	4300000	4400000	27	7	0.514	54.765
contig_2_pilon_pilon	4400000	4500000	18	2	0.0	52.064
contig_2_pilon_pilon	4500000	4600000	32	2	0.0	52.518
contig_2_pilon_pilon	4600000	4700000	26	2	2.854	50.803
contig_2_pilon_pilon	4700000	4800000	34	4	0.0	52.296
contig_2_pilon_pilon	4800000	4900000	36	12	1.242	53.807
contig_2_pilon_pilon	4900000	5000000	38	10	1.669	52.604
contig_2_pilon_pilon	5000000	5098061	17	1	29.756	46.201
contig_3_pilon_pilon	0	100000	18	5	10.51	47.455
contig_3_pilon_pilon	100000	200000	40	12	0.772	53.617
contig_3_pilon_pilon	200000	300000	39	10	1.336	53.727
contig_3_pilon_pilon	300000	400000	41	8	0.756	52.473
contig_3_pilon_pilon	400000	500000	35	8	0.72	53.56
contig_3_pilon_pilon	500000	600000	31	8	3.575	52.108
contig_3_pilon_pilon	600000	700000	38	10	0.068	53.094
contig_3_pilon_pilon	700000	800000	29	3	0.358	52.797
contig_3_pilon_pilon	800000	900000	35	4	1.498	51.637
contig_3_pilon_pilon	900000	1000000	3	1	39.824	27.747
contig_3_pilon_pilon	1000000	1100000	31	1	0.109	51.362
contig_3_pilon_pilon	1100000	1200000	29	1	0.113	51.381
contig_3_pilon_pilon	1200000	1300000	28	0	0.072	52.968
contig_3_pilon_pilon	1300000	1400000	28	6	0.535	51.611
contig_3_pilon_pilon	1400000	1500000	20	0	0.114	49.344
contig_3_pilon_pilon	1500000	1600000	29	2	0.0	51.061
contig_3_pilon_pilon	1600000	1700000	37	2	0.0	52.167
contig_3_pilon_pilon	1700000	1800000	34	5	0.284	52.166
contig_3_pilon_pilon	1800000	1900000	39	8	0.781	51.511
contig_3_pilon_pilon	1900000	2000000	27	4	0.0	51.179
contig_3_pilon_pilon	2000000	2100000	29	5	0.398	52.396
contig_3_pilon_pilon	2100000	2200000	28	2	0.636	49.952
contig_3_pilon_pilon	2200000	2300000	22	1	0.051	51.687
contig_3_pilon_pilon	2300000	2400000	31	3	0.0	51.419
contig_3_pilon_pilon	2400000	2500000	35	6	0.636	51.719
contig_3_pilon_pilon	2500000	2600000	35	4	0.686	51.832
contig_3_pilon_pilon	2600000	2700000	31	3	0.574	51.65
contig_3_pilon_pilon	2700000	2800000	25	4	4.417	50.897
contig_3_pilon_pilon	2800000	2900000	33	5	0.259	51.173
contig_3_pilon_pilon	2900000	3000000	33	3	0.139	51.519
contig_3_pilon_pilon	3000000	3100000	31	2	0.145	51.684
contig_3_pilon_pilon	3100000	3200000	35	5	0.042	51.382
contig_3_pilon_pilon	3200000	3300000	30	5	0.04	51.72
contig_3_pilon_pilon	3300000	3400000	28	1	14.088	45.095
contig_3_pilon_pilon	3400000	3500000	28	4	3.587	49.49
contig_3_pilon_pilon	3500000	3600000	35	3	0.302	51.34
contig_3_pilon_pilon	3600000	3700000	34	2	0.0	51.446
contig_3_pilon_pilon	3700000	3800000	32	2	0.098	51.722
contig_3_pilon_pilon	3800000	3900000	33	4	0.106	51.606
contig_3_pilon_pilon	3900000	4000000	37	6	0.267	51.476
contig_3_pilon_pilon	4000000	4100000	37	5	0.336	52.403
contig_3_pilon_pilon	4100000	4200000	34	4	0.278	53.064
contig_3_pilon_pilon	4200000	4300000	38	12	0.956	53.267
contig_3_pilon_pilon	4300000	4400000	31	6	3.504	51.829
contig_3_pilon_pilon	4400000	4500000	20	3	2.039	48.139
contig_3_pilon_pilon	4500000	4600000	2	0	25.876	40.394
contig_3_pilon_pilon	4600000	4700000	6	1	43.518	39.554
contig_3_pilon_pilon	4700000	4800000	8	0	4.344	41.847
contig_3_pilon_pilon	4800000	4900000	10	1	27.431	43.214
contig_3_pilon_pilon	4900000	5000000	2	0	17.601	38.459
contig_3_pilon_pilon	5000000	5100000	1	0	7.84	34.884
contig_3_pilon_pilon	5100000	5200000	2	0	7.941	35.833
contig_3_pilon_pilon	5200000	5300000	18	5	20.699	40.074
contig_3_pilon_pilon	5300000	5400000	9	2	26.144	39.427
contig_3_pilon_pilon	5400000	5500000	22	4	13.216	47.774
contig_3_pilon_pilon	5500000	5600000	25	1	7.274	47.751
contig_3_pilon_pilon	5600000	5700000	20	0	2.583	46.903
contig_3_pilon_pilon	5700000	5800000	10	0	2.866	42.375
contig_3_pilon_pilon	5800000	5900000	14	6	10.764	43.179
contig_3_pilon_pilon	5900000	6000000	19	9	16.024	46.211
contig_3_pilon_pilon	6000000	6100000	34	12	2.319	50.861
contig_3_pilon_pilon	6100000	6200000	37	9	0.056	53.828
contig_3_pilon_pilon	6200000	6300000	30	7	0.848	51.843
contig_3_pilon_pilon	6300000	6400000	38	13	0.142	53.071
contig_3_pilon_pilon	6400000	6500000	27	11	5.628	49.51
contig_3_pilon_pilon	6500000	6600000	34	6	0.0	52.318
contig_3_pilon_pilon	6600000	6700000	36	2	0.845	53.211
contig_3_pilon_pilon	6700000	6800000	31	1	0.0	51.978
contig_3_pilon_pilon	6800000	6900000	28	3	0.514	52.121
contig_3_pilon_pilon	6900000	7000000	24	9	2.681	50.901
contig_3_pilon_pilon	7000000	7100000	27	4	8.997	46.776
contig_3_pilon_pilon	7100000	7200000	33	10	3.863	51.413
contig_3_pilon_pilon	7200000	7300000	29	8	1.93	52.495
contig_3_pilon_pilon	7300000	7337754	8	2	0.212	17.057
contig_4_pilon_pilon	0	100000	13	1	17.879	38.499
contig_4_pilon_pilon	100000	200000	33	8	12.594	52.815
contig_4_pilon_pilon	200000	300000	33	15	1.632	52.617
contig_4_pilon_pilon	300000	400000	39	12	0.246	52.827
contig_4_pilon_pilon	400000	500000	8	0	37.985	31.386
contig_4_pilon_pilon	500000	600000	35	3	0.293	51.199
contig_4_pilon_pilon	600000	700000	35	2	0.317	52.824
contig_4_pilon_pilon	700000	800000	35	2	0.425	52.648
contig_4_pilon_pilon	800000	900000	37	4	0.05	52.085
contig_4_pilon_pilon	900000	1000000	28	7	0.211	52.3
contig_4_pilon_pilon	1000000	1100000	26	2	0.0	52.155
contig_4_pilon_pilon	1100000	1200000	33	1	0.351	52.036
contig_4_pilon_pilon	1200000	1300000	23	2	0.247	51.489
contig_4_pilon_pilon	1300000	1400000	26	1	0.461	51.267
contig_4_pilon_pilon	1400000	1500000	33	2	0.0	51.8
contig_4_pilon_pilon	1500000	1600000	27	4	0.048	51.603
contig_4_pilon_pilon	1600000	1700000	34	0	0.397	51.841
contig_4_pilon_pilon	1700000	1800000	30	3	0.0	51.495
contig_4_pilon_pilon	1800000	1900000	29	0	0.124	51.31
contig_4_pilon_pilon	1900000	2000000	30	0	8.522	48.782
contig_4_pilon_pilon	2000000	2100000	30	1	2.579	51.309
contig_4_pilon_pilon	2100000	2200000	27	2	0.166	52.997
contig_4_pilon_pilon	2200000	2300000	27	6	18.338	47.061
contig_4_pilon_pilon	2300000	2400000	30	7	0.184	53.801
contig_4_pilon_pilon	2400000	2500000	29	6	0.27	51.708
contig_4_pilon_pilon	2500000	2600000	29	5	0.482	51.499
contig_4_pilon_pilon	2600000	2700000	24	0	0.0	51.41
contig_4_pilon_pilon	2700000	2800000	22	1	7.846	48.638
contig_4_pilon_pilon	2800000	2900000	34	3	0.056	51.706
contig_4_pilon_pilon	2900000	3000000	27	2	0.388	51.46
contig_4_pilon_pilon	3000000	3100000	32	2	0.093	52.883
contig_4_pilon_pilon	3100000	3200000	29	3	0.276	52.331
contig_4_pilon_pilon	3200000	3300000	28	5	0.065	52.501
contig_4_pilon_pilon	3300000	3400000	33	7	2.695	53.215
contig_4_pilon_pilon	3400000	3500000	26	1	4.638	49.163
contig_4_pilon_pilon	3500000	3600000	28	4	0.043	52.21
contig_4_pilon_pilon	3600000	3700000	20	3	0.0	51.217
contig_4_pilon_pilon	3700000	3800000	30	1	0.34	51.201
contig_4_pilon_pilon	3800000	3900000	35	1	0.311	52.002
contig_4_pilon_pilon	3900000	4000000	34	5	0.0	51.911
contig_4_pilon_pilon	4000000	4100000	33	2	0.543	51.525
contig_4_pilon_pilon	4100000	4200000	24	5	0.24	51.923
contig_4_pilon_pilon	4200000	4300000	30	3	0.062	51.6
contig_4_pilon_pilon	4300000	4400000	33	2	0.229	51.477
contig_4_pilon_pilon	4400000	4500000	32	1	0.364	51.237
contig_4_pilon_pilon	4500000	4600000	28	2	0.136	51.925
contig_4_pilon_pilon	4600000	4700000	33	5	0.071	51.535
contig_4_pilon_pilon	4700000	4800000	24	0	0.051	51.435
contig_4_pilon_pilon	4800000	4900000	23	0	0.108	51.563
contig_4_pilon_pilon	4900000	5000000	28	0	0.057	51.812
contig_4_pilon_pilon	5000000	5100000	27	7	0.043	53.622
contig_4_pilon_pilon	5100000	5200000	33	9	1.822	53.282
contig_4_pilon_pilon	5200000	5300000	30	5	4.33	50.821
contig_4_pilon_pilon	5300000	5400000	39	6	1.193	52.907
contig_4_pilon_pilon	5400000	5500000	30	6	0.0	51.899
contig_4_pilon_pilon	5500000	5600000	31	4	0.227	51.546
contig_4_pilon_pilon	5600000	5700000	36	3	0.0	51.978
contig_4_pilon_pilon	5700000	5800000	29	2	0.299	51.593
contig_4_pilon_pilon	5800000	5900000	29	4	0.081	51.971
contig_4_pilon_pilon	5900000	6000000	30	4	0.147	51.268
contig_4_pilon_pilon	6000000	6100000	34	0	4.557	51.706
contig_4_pilon_pilon	6100000	6200000	34	2	0.061	51.776
contig_4_pilon_pilon	6200000	6300000	26	0	0.148	50.84
contig_4_pilon_pilon	6300000	6400000	30	1	0.0	50.884
contig_4_pilon_pilon	6400000	6500000	30	2	0.161	51.883
contig_4_pilon_pilon	6500000	6600000	20	1	15.605	47.94
contig_4_pilon_pilon	6600000	6700000	24	3	0.181	50.988
contig_4_pilon_pilon	6700000	6800000	29	3	16.516	48.937
contig_4_pilon_pilon	6800000	6900000	30	3	0.203	51.443
contig_4_pilon_pilon	6900000	7000000	25	3	0.063	51.875
contig_4_pilon_pilon	7000000	7100000	22	4	0.055	50.964
contig_4_pilon_pilon	7100000	7200000	32	3	0.057	52.233
contig_4_pilon_pilon	7200000	7300000	26	13	25.308	43.922
contig_4_pilon_pilon	7300000	7400000	29	8	12.322	51.983
contig_4_pilon_pilon	7400000	7500000	22	11	5.154	47.42
contig_4_pilon_pilon	7500000	7600000	2	0	16.561	36.641
contig_4_pilon_pilon	7600000	7700000	4	2	20.244	36.522
contig_4_pilon_pilon	7700000	7800000	3	1	50.507	37.23
contig_4_pilon_pilon	7800000	7900000	9	0	3.063	42.799
contig_4_pilon_pilon	7900000	8000000	33	12	1.131	52.767
contig_4_pilon_pilon	8000000	8100000	33	8	0.0	52.728
contig_4_pilon_pilon	8100000	8200000	31	6	0.612	55.596
contig_4_pilon_pilon	8200000	8300000	37	10	0.271	54.441
contig_4_pilon_pilon	8300000	8318372	7	0	0.0	9.242
contig_6_pilon_pilon	0	100000	19	9	34.48	48.88
contig_6_pilon_pilon	100000	200000	33	8	0.486	53.353
contig_6_pilon_pilon	200000	300000	27	8	0.055	52.467
contig_6_pilon_pilon	300000	400000	19	2	23.688	37.545
contig_6_pilon_pilon	400000	500000	30	8	20.808	45.81
contig_6_pilon_pilon	500000	600000	36	7	0.191	52.958
contig_6_pilon_pilon	600000	700000	34	6	0.704	52.049
contig_6_pilon_pilon	700000	800000	30	12	10.089	50.787
contig_6_pilon_pilon	800000	900000	33	13	8.65	49.603
contig_6_pilon_pilon	900000	1000000	27	7	22.46	46.667
contig_6_pilon_pilon	1000000	1100000	29	10	6.635	52.236
contig_6_pilon_pilon	1100000	1200000	27	8	2.262	52.653
contig_6_pilon_pilon	1200000	1300000	30	5	0.205	53.027
contig_6_pilon_pilon	1300000	1400000	35	6	0.0	51.901
contig_6_pilon_pilon	1400000	1500000	32	3	0.32	51.313
contig_6_pilon_pilon	1500000	1600000	28	1	0.044	50.974
contig_6_pilon_pilon	1600000	1700000	28	2	8.099	50.259
contig_6_pilon_pilon	1700000	1800000	33	3	0.285	51.997
contig_6_pilon_pilon	1800000	1900000	34	4	0.037	51.587
contig_6_pilon_pilon	1900000	2000000	35	2	0.529	51.913
contig_6_pilon_pilon	2000000	2100000	31	1	0.074	53.226
contig_6_pilon_pilon	2100000	2200000	35	2	0.053	52.052
contig_6_pilon_pilon	2200000	2300000	29	1	0.0	52.334
contig_6_pilon_pilon	2300000	2400000	35	2	0.091	51.397
contig_6_pilon_pilon	2400000	2500000	28	2	0.108	51.876
contig_6_pilon_pilon	2500000	2600000	25	4	0.465	51.896
contig_6_pilon_pilon	2600000	2700000	34	4	0.08	54.521
contig_6_pilon_pilon	2700000	2800000	14	6	6.711	42.397
contig_6_pilon_pilon	2800000	2900000	13	5	20.384	40.388
contig_6_pilon_pilon	2900000	3000000	30	3	13.201	48.841
contig_6_pilon_pilon	3000000	3100000	28	7	0.441	51.735
contig_6_pilon_pilon	3100000	3200000	36	7	0.584	52.64
contig_6_pilon_pilon	3200000	3300000	23	2	1.694	51.474
contig_6_pilon_pilon	3300000	3400000	30	7	24.412	46.365
contig_6_pilon_pilon	3400000	3500000	27	6	5.125	46.589
contig_6_pilon_pilon	3500000	3600000	31	10	10.352	48.324
contig_6_pilon_pilon	3600000	3700000	33	8	0.331	51.819
contig_6_pilon_pilon	3700000	3800000	24	9	13.464	49.205
contig_6_pilon_pilon	3800000	3900000	29	4	0.773	53.307
contig_6_pilon_pilon	3900000	4000000	28	8	8.568	47.758
contig_6_pilon_pilon	4000000	4100000	38	7	0.955	52.453
contig_6_pilon_pilon	4100000	4200000	31	8	0.0	53.576
contig_6_pilon_pilon	4200000	4300000	35	5	0.584	52.443
contig_6_pilon_pilon	4300000	4400000	24	1	0.209	50.676
contig_6_pilon_pilon	4400000	4500000	29	2	0.239	51.354
contig_6_pilon_pilon	4500000	4600000	27	2	0.0	51.885
contig_6_pilon_pilon	4600000	4700000	27	0	0.0	51.191
contig_6_pilon_pilon	4700000	4800000	33	6	0.0	52.135
contig_6_pilon_pilon	4800000	4900000	18	1	22.751	41.535
contig_6_pilon_pilon	4900000	5000000	46	11	1.92	52.912
contig_6_pilon_pilon	5000000	5100000	35	16	1.839	54.423
contig_6_pilon_pilon	5100000	5200000	28	3	0.0	52.743
contig_6_pilon_pilon	5200000	5300000	30	0	0.197	52.389
contig_6_pilon_pilon	5300000	5400000	25	1	0.523	51.412
contig_6_pilon_pilon	5400000	5500000	33	8	0.0	52.299
contig_6_pilon_pilon	5500000	5600000	38	8	1.239	52.756
contig_6_pilon_pilon	5600000	5700000	32	1	0.051	52.863
contig_6_pilon_pilon	5700000	5800000	21	3	16.335	46.744
contig_6_pilon_pilon	5800000	5900000	39	7	8.593	50.323
contig_6_pilon_pilon	5900000	6000000	28	9	4.862	48.915
contig_6_pilon_pilon	6000000	6027403	2	0	9.022	9.834
contig_7_pilon_pilon	0	100000	15	0	24.506	49.624
contig_7_pilon_pilon	100000	200000	17	1	10.617	49.36
contig_7_pilon_pilon	200000	300000	18	0	8.455	48.301
contig_7_pilon_pilon	300000	400000	13	0	14.459	48.654
contig_7_pilon_pilon	400000	500000	13	1	29.965	48.246
contig_7_pilon_pilon	500000	600000	23	2	11.305	49.756
contig_7_pilon_pilon	600000	700000	14	0	14.701	48.243
contig_7_pilon_pilon	700000	800000	29	0	7.597	48.977
contig_7_pilon_pilon	800000	900000	17	1	13.366	49.081
contig_7_pilon_pilon	900000	1000000	11	1	22.942	40.981
contig_7_pilon_pilon	1000000	1100000	10	1	29.085	46.713
contig_7_pilon_pilon	1100000	1185594	14	0	24.441	41.03
contig_8_pilon_pilon	0	100000	26	6	13.692	44.619
contig_8_pilon_pilon	100000	200000	33	5	0.843	52.694
contig_8_pilon_pilon	200000	300000	36	8	0.565	53.658
contig_8_pilon_pilon	300000	400000	34	10	10.745	48.524
contig_8_pilon_pilon	400000	500000	25	8	15.573	45.473
contig_8_pilon_pilon	500000	600000	33	10	2.392	51.152
contig_8_pilon_pilon	600000	700000	31	5	0.622	52.433
contig_8_pilon_pilon	700000	800000	33	4	0.259	52.32
contig_8_pilon_pilon	800000	900000	18	2	7.875	50.178
contig_8_pilon_pilon	900000	1000000	27	5	0.648	50.923
contig_8_pilon_pilon	1000000	1100000	33	2	4.03	51.585
contig_8_pilon_pilon	1100000	1200000	35	7	0.554	51.108
contig_8_pilon_pilon	1200000	1300000	23	3	0.0	51.306
contig_8_pilon_pilon	1300000	1400000	21	1	0.087	50.095
contig_8_pilon_pilon	1400000	1500000	34	4	0.0	52.354
contig_8_pilon_pilon	1500000	1600000	29	1	0.053	51.999
contig_8_pilon_pilon	1600000	1700000	29	12	0.199	51.611
contig_8_pilon_pilon	1700000	1800000	30	6	0.056	52.308
contig_8_pilon_pilon	1800000	1900000	27	2	1.64	50.938
contig_8_pilon_pilon	1900000	2000000	24	3	0.305	50.746
contig_8_pilon_pilon	2000000	2100000	35	4	0.247	52.157
contig_8_pilon_pilon	2100000	2200000	30	5	7.996	49.032
contig_8_pilon_pilon	2200000	2300000	24	1	0.0	51.892
contig_8_pilon_pilon	2300000	2400000	28	1	0.247	51.56
contig_8_pilon_pilon	2400000	2500000	34	7	0.27	51.844
contig_8_pilon_pilon	2500000	2600000	29	2	0.243	51.438
contig_8_pilon_pilon	2600000	2700000	28	15	8.229	48.526
contig_8_pilon_pilon	2700000	2800000	28	4	14.01	48.446
contig_8_pilon_pilon	2800000	2900000	19	2	22.353	40.891
contig_8_pilon_pilon	2900000	3000000	29	9	15.4	50.859
contig_8_pilon_pilon	3000000	3100000	28	13	1.209	51.963
contig_8_pilon_pilon	3100000	3200000	35	5	17.308	47.115
contig_8_pilon_pilon	3200000	3300000	12	1	35.399	35.982
contig_8_pilon_pilon	3300000	3400000	34	2	3.794	51.542
contig_8_pilon_pilon	3400000	3500000	34	17	0.896	52.765
contig_8_pilon_pilon	3500000	3600000	35	13	1.741	53.436
contig_8_pilon_pilon	3600000	3700000	19	10	23.47	44.208
contig_8_pilon_pilon	3700000	3800000	15	4	5.636	45.144
contig_8_pilon_pilon	3800000	3851847	12	1	10.429	22.278
contig_9_pilon_pilon	0	100000	45	14	0.251	53.752
contig_9_pilon_pilon	100000	200000	10	2	14.804	42.891
contig_9_pilon_pilon	200000	300000	16	2	21.368	45.066
contig_9_pilon_pilon	300000	400000	32	6	0.187	51.935
contig_9_pilon_pilon	400000	500000	25	7	10.448	48.846
contig_9_pilon_pilon	500000	600000	23	10	20.356	44.138
contig_9_pilon_pilon	600000	700000	26	8	7.399	49.14
contig_9_pilon_pilon	700000	800000	30	4	0.0	53.392
contig_9_pilon_pilon	800000	900000	30	9	1.354	51.717
contig_9_pilon_pilon	900000	1000000	35	10	0.057	51.515
contig_9_pilon_pilon	1000000	1100000	7	0	32.371	30.626
contig_9_pilon_pilon	1100000	1200000	31	4	12.116	48.032
contig_9_pilon_pilon	1200000	1300000	25	0	0.3	51.189
contig_9_pilon_pilon	1300000	1400000	30	4	0.062	51.532
contig_9_pilon_pilon	1400000	1500000	31	0	0.074	51.207
contig_9_pilon_pilon	1500000	1600000	27	2	8.218	48.593
contig_9_pilon_pilon	1600000	1700000	33	4	0.0	51.986
contig_9_pilon_pilon	1700000	1800000	34	8	0.0	51.718
contig_9_pilon_pilon	1800000	1900000	31	3	0.0	53.011
contig_9_pilon_pilon	1900000	2000000	18	1	0.089	51.033
contig_9_pilon_pilon	2000000	2100000	27	4	0.088	53.155
contig_9_pilon_pilon	2100000	2200000	29	4	0.124	51.298
contig_9_pilon_pilon	2200000	2300000	29	1	2.875	50.921
contig_9_pilon_pilon	2300000	2400000	35	3	0.407	51.612
contig_9_pilon_pilon	2400000	2500000	34	1	0.117	50.941
contig_9_pilon_pilon	2500000	2600000	26	0	0.04	50.812
contig_9_pilon_pilon	2600000	2700000	28	2	0.123	51.268
contig_9_pilon_pilon	2700000	2800000	35	7	5.354	50.412
contig_9_pilon_pilon	2800000	2900000	9	1	30.711	38.785
contig_9_pilon_pilon	2900000	3000000	27	5	1.737	51.598
contig_9_pilon_pilon	3000000	3100000	28	4	0.0	51.264
contig_9_pilon_pilon	3100000	3200000	39	3	0.221	51.327
contig_9_pilon_pilon	3200000	3300000	27	2	0.368	51.123
contig_9_pilon_pilon	3300000	3400000	37	4	0.541	51.428
contig_9_pilon_pilon	3400000	3500000	24	2	0.201	51.251
contig_9_pilon_pilon	3500000	3600000	27	5	0.108	51.263
contig_9_pilon_pilon	3600000	3700000	28	1	0.0	51.399
contig_9_pilon_pilon	3700000	3800000	38	1	0.248	51.647
contig_9_pilon_pilon	3800000	3900000	27	5	0.12	50.907
contig_9_pilon_pilon	3900000	4000000	28	1	0.225	51.276
contig_9_pilon_pilon	4000000	4100000	25	5	0.829	52.288
contig_9_pilon_pilon	4100000	4200000	28	11	0.813	55.312
contig_9_pilon_pilon	4200000	4300000	9	1	6.736	40.851
contig_9_pilon_pilon	4300000	4400000	9	0	24.39	44.183
contig_9_pilon_pilon	4400000	4500000	10	0	16.107	44.423
contig_9_pilon_pilon	4500000	4600000	0	0	7.391	38.086
contig_9_pilon_pilon	4600000	4700000	4	0	9.085	39.329
contig_9_pilon_pilon	4700000	4800000	23	7	28.817	43.087
contig_9_pilon_pilon	4800000	4900000	36	11	2.54	51.277
contig_9_pilon_pilon	4900000	5000000	22	10	12.543	43.508
contig_9_pilon_pilon	5000000	5100000	31	6	5.339	51.227
contig_9_pilon_pilon	5100000	5200000	28	3	4.273	51.079
contig_9_pilon_pilon	5200000	5300000	24	7	1.342	47.53
contig_9_pilon_pilon	5300000	5400000	13	0	18.878	44.902
contig_9_pilon_pilon	5400000	5500000	18	0	8.577	50.915
contig_9_pilon_pilon	5500000	5600000	7	0	1.371	43.11
contig_9_pilon_pilon	5600000	5700000	28	8	7.853	48.812
contig_9_pilon_pilon	5700000	5800000	29	10	0.47	52.69
contig_9_pilon_pilon	5800000	5900000	41	8	0.895	52.73
contig_9_pilon_pilon	5900000	6000000	36	5	0.318	52.373
contig_9_pilon_pilon	6000000	6100000	33	7	5.257	51.381
contig_9_pilon_pilon	6100000	6200000	21	4	17.784	46.608
contig_9_pilon_pilon	6200000	6285418	5	0	56.419	42.118
